favorite_count,source,text,in_reply_to_screen_name,is_retweet,created_at,retweet_count,id_str
309,Twitter Web Client,Drones can now detect methane emissions rapidly and accurately in multiple well sites. https://t.co/BA9rEfaFZI,,False,Mon Dec 24 14:49:59 +0000 2018,104,1077214812587913216
252,Twitter Web Client,Today we announced the start of a new unit to increase production of ultra-low sulfur fuels at @exxonmobilbmt. The‚Ä¶ https://t.co/h50Ghx2cCM,,False,Wed Sep 26 13:13:14 +0000 2018,56,1044937943473967104
358,Twitter Web Client,"Today we announced a $10 billion joint investment decision to develop the Golden Pass LNG export project, expected‚Ä¶ https://t.co/KtfOF5e3O3",,False,Tue Feb 05 19:32:58 +0000 2019,126,1092868706080821249
300,Twitter Web Client,Where would we be without teachers? We invest in educational programs so teachers can continue to shape the next ge‚Ä¶ https://t.co/G0mEEUxM4Q,,False,Fri Oct 05 17:41:45 +0000 2018,52,1048267010134745089
75,Twitter Web App,Think it‚Äôs more efficient to leave your car running when you make a quick stop? Think again. https://t.co/AfI5dUkGhU,,False,Fri Oct 18 15:45:35 +0000 2019,31,1185220389842161665
33,Twitter for iPhone,‚ÄúWe‚Äôre dedicated to doing our jobs with great care for people and the environment.  I‚Äôm proud to be part of this co‚Ä¶ https://t.co/fPLBNR55af,,False,Wed May 29 14:40:45 +0000 2019,16,1133744996891484161
54,Twitter Web App,"Up, up and away! School of ExxonMobil is back in session, and this time we‚Äôre learning all about helium and its man‚Ä¶ https://t.co/ZDikvlgxRh",,False,Tue Oct 08 16:15:11 +0000 2019,7,1181603958298681345
73,Twitter Web App,"Last night on @ninjawarrior our own engineer on a mission @NoLimitsNate_ competed in the National Finalsüí™ Congrats,‚Ä¶ https://t.co/qR04aDFE69",,False,Tue Aug 27 15:54:06 +0000 2019,12,1166378362723606528
207,Twitter Web Client,"Congratulations to Kevin Larson of OctoRD and Justin Gaull of @CBSArcSafe, winners of our Spring Energy Challenge!‚Ä¶ https://t.co/9Duk83ZWAk",,False,Fri Jun 07 18:47:52 +0000 2019,26,1137068676140740609
91,Twitter Web App,Read what our Vice President of R&amp;D Vijay Swarup has to say about how we‚Äôre working on low-emission tech with the I‚Ä¶ https://t.co/qzP9Nd6ZJu,,False,Mon Oct 14 13:29:39 +0000 2019,18,1183736627107160064
64,Twitter Web Client,"By 2040, the electricity produced from wind and other renewables will increase by about 400%. As the world‚Äôs larges‚Ä¶ https://t.co/RwsdMC2qa7",,False,Fri Jun 15 15:17:33 +0000 2018,39,1007643277833719808
547,Twitter Web App,We‚Äôve made another oil discovery on the Stabroek Block off the coast of Guyana. Learn more about Guyana‚Äôs exciting‚Ä¶ https://t.co/RAaevaty1r,,False,Mon Sep 16 16:18:04 +0000 2019,158,1173632149821505537
132,Twitter Web App,We‚Äôve signed a two-year agreement with @FuelCell_Energy to research how to bring carbon capture to scale. By more e‚Ä¶ https://t.co/cvUuZxqcQw,,False,Wed Nov 06 21:15:05 +0000 2019,35,1192188678245945347
278,Twitter Web Client,"To increase access to oil and gas reserves, we use a supercomputer that builds digital replicas of reservoirs.‚Ä¶ https://t.co/TsN931ZXvR",,False,Tue Aug 21 16:25:51 +0000 2018,68,1031940452323418112
439,Twitter Web Client,"To advance subsurface exploration, our scientists use seismic imaging to help identify hidden oil and gas reserves‚Ä¶ https://t.co/8l0Z99CgR3",,False,Tue Sep 11 16:32:20 +0000 2018,98,1039552231253655553
57,Twitter Web Client,Our new world-scale Singapore butyl and resin chemical plants will produce premium rubber for improved tire air ret‚Ä¶ https://t.co/8JFo4XCHVJ,,False,Wed Jun 20 20:04:46 +0000 2018,34,1009527500312072194
158,Twitter Web Client,Growing algae in the desert is a 24/7 job. Watch how it could turn into a potential energy of the future. https://t.co/GirCECuTRh,,False,Mon Dec 10 15:16:40 +0000 2018,62,1072148097852153857
88,Twitter Web Client,This month we‚Äôre celebrating those who embrace the season of #giving year-round. See how these employees are helpin‚Ä¶ https://t.co/usVB7LFAYl,,False,Thu Dec 13 15:21:53 +0000 2018,23,1073236571518832640
43,Twitter Web Client,Proud to be a national sponsor with the Smithsonian. https://t.co/0g52z71fFu,,False,Thu Mar 07 18:37:58 +0000 2019,13,1103726500338114561
81,Twitter Web Client,What does it take to move 228 multi-ton furnace units from Thailand to Texas? Lots of careful coordination. https://t.co/apIeDQhIE6,,False,Tue Jan 29 16:23:37 +0000 2019,17,1090284339605180416
107,Twitter Web Client,How does algae become biofuel? Tune in tomorrow and explore all things algae through the eyes of a curious second g‚Ä¶ https://t.co/ZjcuJZolXz,,False,Mon Dec 03 17:54:04 +0000 2018,35,1069650991589584896
328,Twitter Web Client,"We‚Äôre celebrating our Black Employee Success Team (BEST), for #BlackHistoryMonth, and their work to advance black l‚Ä¶ https://t.co/gTPtk2v4Ly",,False,Wed Feb 20 18:10:59 +0000 2019,50,1098283889670438913
8,Twitter for iPhone,‚ÄúOur businesses performed well last year. We made good progress on our plans to strengthen the company. Our goal is‚Ä¶ https://t.co/9RIoFaHsuO,,False,Wed May 29 14:41:05 +0000 2019,8,1133745081217896448
176,Twitter Web Client,We deploy special trucks across China to bring lubes to the country‚Äôs wind farms and help meet the growing demand f‚Ä¶ https://t.co/XffudimXMK,,False,Mon Aug 06 16:59:26 +0000 2018,39,1026513089037037568
40,Twitter Web Client,"As #WE18 comes to a close, we celebrate another #boundarybreaking engineer ‚Äì  Elviera, a functional safety advisor.‚Ä¶ https://t.co/lTXf3LFVG7",,False,Sat Oct 20 16:35:00 +0000 2018,11,1053686029813714945
45,Twitter Web App,Looking for your chill? The polymers at our Shanghai Technology Center can help. #SoothingScience https://t.co/iM3mk8nzNj,,False,Fri Jul 19 16:52:25 +0000 2019,20,1152259913218846720
45,Twitter for iPhone,"Our thoughts and prayers go out to all of those in the path of #HurricaneMichael, especially the first responders w‚Ä¶ https://t.co/rvjvYhbZyD",,False,Thu Oct 11 17:31:36 +0000 2018,10,1050438783987056640
72,Twitter Web App,"It's been an inspiring week at #WE19! Congratulations to all our hard-working award winners, speakers and attendees‚Ä¶ https://t.co/8gRFVomQ8N",,False,Fri Nov 08 21:49:25 +0000 2019,17,1192922094205624321
141,Twitter Web Client,We joined the @IBM Q Network to research how quantum computing can help us develop the next generation of energy so‚Ä¶ https://t.co/Z0Ymgxi0G7,,False,Wed Mar 20 17:34:17 +0000 2019,40,1108421516411260928
5679,Twitter Web Client,"We‚Äôre researching algae biofuel with about 40% of its mass as fat, which can be turned into fuel. The swish is just‚Ä¶ https://t.co/hj2yvigbrU",,False,Mon Jul 08 14:31:28 +0000 2019,544,1148238174235299842
257,Twitter Web App,The School of ExxonMobil is back in session! Tune in to our YouTube channel tomorrow to learn what helps race cars‚Ä¶ https://t.co/ETBNtAvGDc,,False,Mon Aug 12 16:27:12 +0000 2019,36,1160950874895802372
38,Twitter Web Client,How do we keep your tires rolling efficiently? Research technicians test for Inflation Pressure Loss Rate (IPLR) to‚Ä¶ https://t.co/J4W2VOdcOg,,False,Tue Jul 10 15:55:17 +0000 2018,13,1016712470117933057
86,Twitter Web App,We‚Äôve renewed our status as a Founding Member of @mitenergy low-carbon energy research and education. This collabor‚Ä¶ https://t.co/ndpy1cxaWF,,False,Mon Oct 21 15:32:32 +0000 2019,31,1186304269416390656
46,Twitter Web Client,"To gear up for #INWED18, we‚Äôre highlighting talented engineers like Stacey ‚Äì a driving force behind our petrochemic‚Ä¶ https://t.co/bculXkR2yy",,False,Thu Jun 21 18:55:59 +0000 2018,7,1009872578545115137
206,Twitter Web Client,"As Mozambique recovers after Cyclone Idai, our employees are on the ground providing food, shelter and comfort to p‚Ä¶ https://t.co/F1cCdYpBxn",,False,Thu Apr 04 15:16:46 +0000 2019,22,1113822726656090112
766,Twitter Web App,"Through collaborative biodiversity research, we‚Äôre dedicated to helping protect Guyana‚Äôs unique ecosystem. Learn ab‚Ä¶ https://t.co/pCmQNHqxiJ",,False,Mon Aug 05 15:22:36 +0000 2019,123,1158397903230164993
319,Twitter Web App,See how our engineers use 3D printing to design complex prototypes that deliver energy more efficiently: https://t.co/znWAyNIp2x,,False,Thu Oct 03 15:02:10 +0000 2019,64,1179773644081373187
26,Twitter Web Client,"ExxonMobil‚Äôs Corporate Strategic Research Manager, Mike Kerby spoke about our emerging role in the science communit‚Ä¶ https://t.co/CnFAVI4CBK",,False,Fri Oct 19 20:54:06 +0000 2018,17,1053388847705477120
49,Twitter for iPhone,We are reaching out to our employees and their families to ensure they remain safe in the communities affected by #HurricaneMichael.,,False,Thu Oct 11 22:29:26 +0000 2018,7,1050513734089797636
222,Twitter Web Client,Today we announced our 10th discovery offshore Guyana and increased the Stabroek resource estimate from 4 to more t‚Ä¶ https://t.co/GX6H3i9dJ4,,False,Mon Dec 03 17:48:34 +0000 2018,72,1069649607636979712
336,Twitter Web Client,Congratulations to Margaret Wu on her induction into the National Academy of Engineering (@theNAEng). Her transform‚Ä¶ https://t.co/Fux4IgBrcY,,False,Tue Mar 05 15:14:05 +0000 2019,72,1102950415891599361
148,Twitter Web Client,When to get an oil change can vary depending on the oil you use and your driving habits. Watch to find out what‚Äôs b‚Ä¶ https://t.co/N8M1FwRjKn,,False,Mon Aug 13 16:27:41 +0000 2018,24,1029041813934485505
149,Twitter Web Client,"In the first quarter of 2019, development in the Permian Basin continued with plans to produce more than 1 million‚Ä¶ https://t.co/0U659V06pH",,False,Fri Apr 26 18:30:51 +0000 2019,33,1121844103136911363
80,Twitter Web Client,"Excited our own Vijay Swarup participated in today‚Äôs #CES 2019 keynote with @IBM‚Äôs @GinniRometty, @Delta‚Äôs Ed Basti‚Ä¶ https://t.co/JwWfv7oXDr",,False,Tue Jan 08 21:47:02 +0000 2019,5,1082755585341353985
185,Twitter Web Client,Imagine using a frisbee made of tin? 70 years ago that‚Äôs just what they did. See how much #summer sports equipment‚Ä¶ https://t.co/G6TD4wLGLF,,False,Fri Aug 03 15:25:29 +0000 2018,52,1025402280659566592
25,Twitter Web App,Watch our own Kelsey McNeely and Rob Brown from SGI dive deep into the algae ponds and talk biofuel research with h‚Ä¶ https://t.co/Hbt48u92VT,,False,Fri Aug 23 15:04:09 +0000 2019,12,1164916242144268288
97,Twitter Web Client,"It's #NationalMentoringMonth, and we're featuring employee Ernesto Johnson who prepares students for the workforce. https://t.co/wyMWkVcxzV",,False,Thu Jan 17 15:30:50 +0000 2019,28,1085922401601372162
711,Twitter Web App,"From production to combustion, here are a few reasons algae biofuel could be such a promising energy resource. https://t.co/cjtFJygZh8",,False,Fri Sep 27 15:00:12 +0000 2019,114,1177598823293771776
80,Twitter Web App,"Welcome to the University of Texas, where we‚Äôre collaborating with the next generation of energy pioneers. https://t.co/pZbgqL8R7u",,False,Mon Nov 25 17:50:06 +0000 2019,14,1199022460806586368
163,Twitter Web App,"‚ÄúWe continue to make significant progress toward delivering our long-term growth plans.‚Äù ‚ÄîDarren W. Woods, chairman‚Ä¶ https://t.co/mUF5ZyMf2J",,False,Fri Aug 02 13:02:49 +0000 2019,39,1157275559505879040
15,Twitter Web Client,"The answer: turn up the fan. #DYK fans are an efficient way to stay cool because they create a wind chill effect, w‚Ä¶ https://t.co/5SuN6NGl5V",exxonmobil,False,Wed Jul 25 20:31:03 +0000 2018,5,1022217688595222528
240,Twitter Web Client,We announced our partnership agreement with @IBM as the first energy company to join the IBM Q Network. The joint r‚Ä¶ https://t.co/ebwmL7F18W,,False,Tue Jan 08 16:06:23 +0000 2019,81,1082669857068462081
13,Twitter Web Client,The answer? Warm or cold water is the most efficient way to do laundry. #DYK hot water uses 90% of a washer‚Äôs energy demands?,exxonmobil,False,Mon Jul 09 20:29:57 +0000 2018,4,1016419203987931136
178,Twitter Web Client,Our thoughts are with everyone affected by Cyclone Idai in Mozambique and surrounding countries. https://t.co/PnezF9v47g,,False,Tue Mar 19 17:35:02 +0000 2019,35,1108059318497304577
241,Twitter Web Client,"Expansion in the energy industry is driving huge job growth in Southeast Texas, where welders and pipefitters are i‚Ä¶ https://t.co/yMoMo0YDzT",,False,Wed Jul 18 16:26:51 +0000 2018,59,1019619519768166400
134,Twitter Web Client,"Beyond bringing new jobs to the Ohio Valley, ExxonMobil has invested millions in the community toward road and infr‚Ä¶ https://t.co/leAZM7nNmt",,False,Thu Nov 29 15:12:02 +0000 2018,19,1068160663112073216
98,Twitter Web Client,"By 2040, the world‚Äôs population will hit 9.2 billion. How will that affect energy use? Find out. #WorldPopulationDay https://t.co/KeCwlu6ylf",,False,Wed Jul 11 16:12:10 +0000 2018,63,1017079107690139650
75,Twitter Web Client,Learn how we‚Äôre responsibly working to help meet the world‚Äôs growing energy demand in our new Corporate Sustainabil‚Ä¶ https://t.co/zCMbwbv9aN,,False,Wed Oct 24 13:07:57 +0000 2018,18,1055083474149957632
24,Twitter Web Client,"Our scientists collaborated with researchers at @UConn to improve the production of acrylics found in paints, glues‚Ä¶ https://t.co/BThBfhedDw",,False,Mon Feb 11 19:29:55 +0000 2019,5,1095042263925866496
69,Twitter Web App,A big congrats to these three women who are all award winners at this year‚Äôs #WE19 conference. These engineers live‚Ä¶ https://t.co/UtvlsrsvCm,,False,Fri Nov 08 15:13:53 +0000 2019,16,1192822556094545922
232,Twitter Web Client,"#Naturalgas is abundant, clean, and reliable, which makes it an attractive and sustainable energy source for transp‚Ä¶ https://t.co/51EKc4AuQN",,False,Fri Aug 17 16:22:13 +0000 2018,72,1030489989103214592
177,Twitter Web Client,We‚Äôve had many proud moments on our nearly 10-year journey to convert algae to low-emission biofuel. Here are a few‚Ä¶ https://t.co/PdKEMzlXju,,False,Mon Nov 26 16:08:42 +0000 2018,52,1067087762774519808
222,Twitter Web App,"Versatile and abundant, natural gas is helping the world shift to less-carbon-intensive energy sources. We‚Äôre one o‚Ä¶ https://t.co/GFjFgTrl7L",,False,Fri Aug 09 20:15:55 +0000 2019,57,1159921267975380996
137,Twitter Web Client,Cars are creating fewer emissions and driving more miles on less fuel thanks to new technologies and lighter materi‚Ä¶ https://t.co/AaIgjWGjqG,,False,Tue Oct 23 14:08:10 +0000 2018,25,1054736242376667137
223,Twitter Web Client,Mobil 1‚Ñ¢ is now the official motor oil of the first all-female full-season team in the IMSA WeatherTech Sportscar C‚Ä¶ https://t.co/FCOUj3FWO2,,False,Fri Apr 12 15:34:53 +0000 2019,46,1116726388416032773
157,Twitter Web Client,Why do we need carbon capture and storage? Because CCS will be a key technology in managing the risks of climate ch‚Ä¶ https://t.co/0IRTZdVMWt,,False,Wed Apr 17 14:55:37 +0000 2019,46,1118528447092011009
195,Twitter Web Client,We‚Äôre celebrating 50 years of groundbreaking discoveries at our Corporate Strategic Research Lab. Our scientists ha‚Ä¶ https://t.co/snkGRndsRw,,False,Tue Sep 04 17:06:43 +0000 2018,47,1037024168854867968
81,Twitter Web Client,These 10 states helped slash the country‚Äôs CO2 emissions by 24%. Tap to pause and see what percent each state contr‚Ä¶ https://t.co/SHZnLetHd3,,False,Tue Jan 15 19:24:08 +0000 2019,29,1085256338140250112
13,Twitter for iPhone,"‚ÄúWe‚Äôre doing our part to address society‚Äôs dual challenge. Providing affordable energy to people around the world,‚Ä¶ https://t.co/sMP02tUekA",,False,Wed May 29 14:43:56 +0000 2019,9,1133745796350922752
812,Twitter Web Client,.@WEConnection Board Chair @ExxonMobil‚Äôs Natalie Stirling Sanders helped close the day of trading on #IWD with‚Ä¶ https://t.co/5pAGo3kmH4,,False,Wed Mar 13 15:40:12 +0000 2019,86,1105856089818652677
21,Twitter Web Client,"#Poll If you‚Äôre headed out of town for one last summer getaway, what‚Äôs the best way to save energy when you‚Äôre not at home?",,False,Fri Sep 14 16:06:50 +0000 2018,7,1040632977565384707
251,Twitter Web Client,"Today, we thank the math and science teachers across the country responsible for educating and encouraging students‚Ä¶ https://t.co/Tu3DPpewJc",,False,Thu Nov 08 15:17:19 +0000 2018,57,1060551848342577152
24,Twitter Web Client,"Proud to participate with @Princeton scientists, the @AndlingerCenter and industry leaders in discussions on how te‚Ä¶ https://t.co/B4JcJn3TYN",,False,Thu Jul 19 20:44:36 +0000 2018,11,1020046770682892295
1020,Twitter Web Client,We‚Äôre talking about our support for methane regulations and other efforts to reduce emissions with @RatnerBen of th‚Ä¶ https://t.co/hFidCYJCOI,,False,Tue Mar 12 15:03:09 +0000 2019,142,1105484378153631746
91,Twitter Web Client,"Calling all energy innovators! We want your biggest and brightest ideas for our Robotics Reverse Pitch Challenge, t‚Ä¶ https://t.co/l0YdEq4Gl5",,False,Tue May 07 15:09:00 +0000 2019,28,1125779572715343872
112,Twitter Web Client,We‚Äôve started operations of a new unit at our Antwerp refinery in Belgium to produce high-value transportation fuel‚Ä¶ https://t.co/NGFSHWf4C9,,False,Wed Oct 31 16:03:06 +0000 2018,19,1057664267867119617
166,Twitter Web Client,"This year, we‚Äôre continuing our nearly 20-year efforts and investing $5.7 million in local and global organizations‚Ä¶ https://t.co/aB921WnQHK",,False,Fri Apr 26 15:28:41 +0000 2019,38,1121798259150712833
85,Twitter Web Client,"From the Hebron Field in Newfoundland to our facility in Alberta, today we celebrate all of our hardworking employe‚Ä¶ https://t.co/wQCmckWmCQ",,False,Sun Jul 01 13:34:31 +0000 2018,27,1013415556068896770
251,Twitter Web Client,We‚Äôve had many proud moments on our nearly 10-year journey to convert algae to low-emission biofuel. Here are a few‚Ä¶ https://t.co/jOZTfW5SI3,,False,Mon Jul 30 17:12:14 +0000 2018,70,1023979592867098624
118,Twitter Web Client,"Congratulations to our own, Dr. Xiaojun Huang, who was honored by @IBMWatson as a top woman leader and pioneer in‚Ä¶ https://t.co/TwxzWEu2J8",,False,Fri Jun 14 14:18:14 +0000 2019,40,1139537532851511298
177,Twitter Web Client,"Learn about carbon capture and storage, a process that can reduce emissions for a cleaner world. https://t.co/S2OgQvCRsm",,False,Mon Jun 03 15:34:33 +0000 2019,79,1135570474526806022
112,Twitter Web App,"If you‚Äôre looking to save gas while hitting the road this summer, consider switching the engine off while stuck in‚Ä¶ https://t.co/pK5NXkNWBL",,False,Tue Jul 23 14:32:39 +0000 2019,25,1153674289830387713
77,Twitter Web App,"Find out how XTO engineer Katie Moore, born and raised in the Permian Basin, nurtures the next generation of engine‚Ä¶ https://t.co/zZVPVRPlF7",,False,Thu Jul 18 15:41:47 +0000 2019,23,1151879749339402241
89,Twitter Web Client,"We leverage expertise across all our businesses, employing innovative technologies and driving best practices. https://t.co/Nb5qTgmVxv",,False,Thu Nov 01 14:19:49 +0000 2018,18,1058000662980689920
213,Twitter Web Client,Today we celebrate the achievements of our employees and women engineers around the world. #INWED19 https://t.co/CDgOLcpt6o,,False,Fri Jun 21 15:15:29 +0000 2019,43,1142088657718960128
36,Twitter Web Client,XTO Energy announces progress on methane emissions reduction program. The effort is part of our measures to reduce‚Ä¶ https://t.co/3HWlDbU1P4,,False,Mon Jun 25 16:03:04 +0000 2018,16,1011278613013024770
76,Twitter Web Client,"This National Safety Month, take a look at why safety for our employees is our top priority. https://t.co/CzFu4Ef24D",,False,Thu Jun 28 14:14:15 +0000 2018,30,1012338389868339200
59,Twitter Web Client,Why is this tiny organism a big deal to the energy world? Join us in the algae lab and find out why.‚Ä¶ https://t.co/DWN3kCGm6J,,False,Tue Dec 04 15:54:51 +0000 2018,34,1069983378169053185
872,Twitter Web Client,"Between 2011 and June 2017, $46.8 billion was invested in Ohio oil and gas related activities including drilling, r‚Ä¶ https://t.co/KV28lb1L2H",,False,Fri Oct 12 17:03:50 +0000 2018,64,1050794182716116993
39,Twitter Web Client,How can we improve standards in the engineering industry? With #boundarybreakers like Katie who welcome the chance‚Ä¶ https://t.co/7C3inFQ8UH,,False,Fri Oct 19 17:52:35 +0000 2018,17,1053343163631460353
222,Twitter for iPhone,We‚Äôre proud to play our small role in supporting the rescue operations of the Thai Navy Seals and numerous other or‚Ä¶ https://t.co/HWlapzaxBr,,False,Mon Jul 09 16:03:04 +0000 2018,76,1016352043437641729
379,Twitter Web Client,"It‚Äôs been a year since #Harvey, and we remain humbled by the strength of our Texas community and the steadfast comm‚Ä¶ https://t.co/fSj0zkpKAv",,False,Sat Aug 25 17:04:41 +0000 2018,66,1033399779559129089
157,Twitter Web Client,"Calling all techies! From IT to geoscience, technology is integral to everything we do. Discover current tech openi‚Ä¶ https://t.co/Uazkru3rec",,False,Wed Oct 03 16:27:47 +0000 2018,26,1047523619595669504
166,Twitter Web Client,"700,000 health workers trained, 15 million bed nets, and 5 million treatments delivered. For nearly 20 years, we‚Äôve‚Ä¶ https://t.co/QYMIAAflbm",,False,Thu Apr 25 19:11:19 +0000 2019,35,1121491898844229634
75,Twitter Web App,By 2040 there will be more than 9 billion people on the planet. Watch to see how the energy demands of a growing wo‚Ä¶ https://t.co/6JAzYO8NCi,,False,Tue Nov 12 15:12:19 +0000 2019,29,1194271711325294598
1261,Twitter Web App,Summer‚Äôs almost over but there‚Äôs still time to make waves. #FueloftheFuture #SoothingScience https://t.co/kBqN9Wshso,,False,Wed Aug 21 18:10:14 +0000 2019,115,1164238294420512768
56,Twitter Web App,"This #EnergyAwarenessMonth, see how we‚Äôre developing energy that meets the world‚Äôs needs. https://t.co/lvU1fni31N",,False,Thu Oct 31 19:04:31 +0000 2019,12,1189981492715364352
45,Twitter Web Client,The Green Book exhibition curator @candacytaylor reflects on its powerful history at an event in DC announcing our‚Ä¶ https://t.co/xYvX2rVYYR,,False,Thu Mar 14 19:47:54 +0000 2019,11,1106280814260695040
53,Twitter Web Client,"From work-from-home days to major discounts on child care, see how we help provide a healthy work-life balance for‚Ä¶ https://t.co/U4kle5CJE7",,False,Sun Jun 17 15:33:38 +0000 2018,20,1008372103404498944
78,Twitter Web Client,"We don‚Äôt just make #AmericasEnergy, we help keep the stars and stripes flying high. Flags are woven using polyester‚Ä¶ https://t.co/Brb676IKXU",,False,Thu Jun 14 15:48:53 +0000 2018,20,1007288777633656833
364,Twitter Web Client,"Today we announced start-up of our new ethane cracker in Baytown, TX. Operations are expected to increase regional‚Ä¶ https://t.co/JGPMLzgYVg",,False,Thu Jul 26 18:15:16 +0000 2018,79,1022545906292465669
80,Twitter Web App,"At the University of Texas, a new generation of energy researchers is working to develop scalable CCS solutions ‚Äì f‚Ä¶ https://t.co/yGo4nVJFDg",,False,Wed Nov 20 16:58:37 +0000 2019,29,1197197567009931264
121,Twitter Web Client,Witness the ultimate road test as our driver pushes @Mobil1 to the limit. https://t.co/1PJVl9gIYn,,False,Thu Aug 23 16:38:34 +0000 2018,15,1032668428308553738
95,Twitter Web Client,"From the people behind American-made energy, we wish you all a safe and happy holiday. #July4th https://t.co/Ofj2FsLfmM",,False,Wed Jul 04 13:42:42 +0000 2018,38,1014504778045575168
146,Twitter for iPhone,"Esso Guyana operations manager Mike Ryan, lead country manager Rod Henson and University of Guyana vice chancellor‚Ä¶ https://t.co/nuaWqxQzW5",,False,Fri Aug 10 20:52:56 +0000 2018,27,1028021401696043008
970,Twitter Web Client,"Kicking off @CERAweek, a leader in digital transformation, Andre Luyckx, spoke about how we‚Äôre using technology to‚Ä¶ https://t.co/u3eTFunsnv",,False,Tue Mar 12 19:15:12 +0000 2019,88,1105547808302612482
977,Twitter Web Client,"This #InvestorDay, we showed shareholders how our culture of innovation helps in developing high-growth projects. L‚Ä¶ https://t.co/fnywPrJhbE",,False,Wed Mar 06 22:29:41 +0000 2019,124,1103422424719216641
201,Twitter Web Client,"When the temperature rises, so does the risk of damaging your engine. Here‚Äôs how synthetic oils, like @Mobil1 Annua‚Ä¶ https://t.co/0MqaBJCQCk",,False,Mon Sep 17 16:51:27 +0000 2018,33,1041731370857517056
502,Twitter Web Client,"Hurricane #Harvey may have brought damaging rain and wind, but it also brought our communities closer together.‚Ä¶ https://t.co/F72AoRqOnS",,False,Mon Aug 27 15:59:42 +0000 2018,108,1034108201606815745
82,Twitter Web Client,"Today, we announced our eighth discovery in offshore Guyana at our Longtail-1 well and the addition of a third dril‚Ä¶ https://t.co/djMBnqH3v8",,False,Thu Jun 21 14:47:23 +0000 2018,32,1009810013882220544
34,Twitter Web Client,"As the temperature rises, so can your energy consumption. #DYK that by routinely cleaning or replacing the air filt‚Ä¶ https://t.co/RS73K0tTI0",,False,Wed Jun 13 18:12:18 +0000 2018,16,1006962480634056706
69,Twitter Web Client,"Today we announced the addition of 71,500 net acres to our deepwater portfolio offshore Brazil.‚Ä¶ https://t.co/JV5A3GZxoo",,False,Fri Sep 28 16:55:13 +0000 2018,23,1045718583270146048
152,Twitter Web Client,"Our lubricant plants don‚Äôt let anything go to waste. We‚Äôre currently diverting 90% of waste away from landfills, sa‚Ä¶ https://t.co/t4UohJTbXS",,False,Tue Feb 05 15:50:19 +0000 2019,44,1092812674973483008
350,Twitter Web Client,"We‚Äôre proud to celebrate the culture, heritage and contribution of our Hispanic and Latino American employees durin‚Ä¶ https://t.co/td8IuWCp8U",,False,Thu Sep 27 21:40:36 +0000 2018,50,1045428015277199360
255,Twitter Web Client,We‚Äôre working to develop low-emission energy solutions in a first-of-its-kind agreement with the @ENERGY national l‚Ä¶ https://t.co/QfXqCvz5iU,,False,Wed May 08 12:03:37 +0000 2019,46,1126095305974452224
52,Twitter Web Client,https://t.co/7Fhm7hDB7q,exxonmobil,False,Mon Jun 25 17:32:22 +0000 2018,8,1011301083807977472
241,Twitter Web Client,How long will U.S. #naturalgas reserves last? Well into the next century. https://t.co/mWOzozmXyJ,,False,Thu Aug 09 15:51:57 +0000 2018,54,1027583266742775809
60,Twitter Web Client,Here are a few pics of employees at the Houston Pride Parade https://t.co/mcEDNpsEgv,exxonmobil,False,Mon Jun 25 17:32:21 +0000 2018,16,1011301080293101570
43,Twitter for iPhone,‚ÄúGas is the obvious partner for renewables to make sure the energy is accessible when needed ‚Äì cleaner than coal an‚Ä¶ https://t.co/OHak0SXgSi,,False,Wed Jun 27 17:31:43 +0000 2018,29,1012025697420881920
67,Twitter Web Client,"We continue celebrating #boundarybreaking engineers like Britney ‚Äì an air and greenhouse gas advisor. Thank you, Br‚Ä¶ https://t.co/uG9j0u35zc",,False,Thu Oct 18 15:36:52 +0000 2018,14,1052946622819262466
294,Twitter Web Client,#DYK liquefied natural gas takes up 1/600 the space of natural gas? That‚Äôs like shrinking a beach ball to the size‚Ä¶ https://t.co/6W47Da4EIM,,False,Tue Sep 18 15:07:50 +0000 2018,73,1042067679757180930
110,Twitter Web Client,"Holiday preparation requires lots of energy. So, while making dinner this holiday, ask yourself ‚Äì just how much ene‚Ä¶ https://t.co/l98Gg22ryg",,False,Wed Nov 21 14:14:19 +0000 2018,24,1065247037833252864
91,Twitter Web Client,"""We all have a responsibility...to keep improving our operational performance. We have to come together to advocate‚Ä¶ https://t.co/kFR4Tyowy4",,False,Mon Jun 25 18:43:17 +0000 2018,29,1011318931100000256
268,Twitter Web Client,"Our New Mexico investments will result in $64 billion for the state and 4,100 direct jobs per year for the next 40‚Ä¶ https://t.co/LZBB6TZ82B",,False,Fri May 17 14:07:53 +0000 2019,68,1129388071831691264
118,Twitter Web App,"‚ÄúWe are making excellent progress on our long-term growth strategy.‚Äù ‚Äî Darren W. Woods, chairman and CEO. Read the‚Ä¶ https://t.co/6MLUaaxgze",,False,Fri Nov 01 15:29:23 +0000 2019,26,1190289742589497344
244,Twitter Web Client,Today we announced a new facility expansion in Baton Rouge expected to create up to 600 jobs during construction as‚Ä¶ https://t.co/S3ZiRpjFHz,,False,Fri Mar 01 18:05:15 +0000 2019,57,1101543941055369216
12,Twitter for iPhone,"‚ÄúWe‚Äôre working on potential technology breakthroughs that provide reliable, affordable and cleaner energy, on deman‚Ä¶ https://t.co/88Vb9PFkkY",,False,Wed May 29 14:43:43 +0000 2019,9,1133745740948418560
208,Twitter Web Client,"Today, we celebrate the women of ExxonMobil who are driving innovation and inspiring the next generation of STEM le‚Ä¶ https://t.co/qAUGHgdbkq",,False,Sat Jun 23 14:07:02 +0000 2018,69,1010524636507983872
294,Twitter Web Client,"The Permian Basin is the country‚Äôs highest producing oil field. See why operations engineering manager, Jack Mohr,‚Ä¶ https://t.co/ExB3RjapQK",,False,Tue May 14 16:58:31 +0000 2019,60,1128343848109924352
372,Twitter Web Client,"We‚Äôve made our ninth oil discovery in offshore Guyana at the Hammerhead-1 well, making it our fifth discovery on th‚Ä¶ https://t.co/tJrkH6NGPj",,False,Thu Aug 30 13:08:24 +0000 2018,148,1035152257082449922
15,Twitter for iPhone,‚ÄúExxonMobil joined the oil and gas climate initiative and continued our work in support of a carbon tax. In an impo‚Ä¶ https://t.co/GMINzMFCJ6,,False,Wed May 29 14:42:16 +0000 2019,10,1133745375012118528
112,Twitter Web Client,"Did you know ExxonMobil has a wildlife habitat team? Meet team member Tara Bazille, who plants trees with local chi‚Ä¶ https://t.co/QywJTrR0fN",,False,Fri Jan 25 16:01:30 +0000 2019,28,1088829220103639041
163,Twitter Web Client,ExxonMobil employees around the world participate in Pride events this time of year. ExxonMobil‚Äôs employee PRIDE ne‚Ä¶ https://t.co/EudGzFshmC,,False,Mon Jun 25 14:41:45 +0000 2018,43,1011258146826936321
111,Twitter Web Client,#DYK liquefied natural gas takes up 1/600 the space of natural gas? That‚Äôs like shrinking a beach ball to the size‚Ä¶ https://t.co/M2Kghmt0UQ,,False,Thu Dec 27 15:31:28 +0000 2018,34,1078312415463436289
74,Twitter Web App,"Pencils down, toys out. Join us for a speedy science lesson on how lubricants help race cars go fast with our motor‚Ä¶ https://t.co/GOgCk9Wd0j",,False,Thu Aug 15 15:07:20 +0000 2019,25,1162017939706589184
184,Twitter Web Client,"Working with @SynGenomeInc, researchers at our Corporate Strategic Research Lab have entered the next phase in thei‚Ä¶ https://t.co/1PyLvV1Swv",,False,Fri Sep 07 18:28:51 +0000 2018,38,1038132002069925888
139,Twitter Web Client,"When we turn our clocks back for #DaylightSaving, how much energy do we really save? It‚Äôs the energy equivalent to‚Ä¶ https://t.co/gSjXgs5jYf",,False,Sun Nov 04 15:08:54 +0000 2018,51,1059100179901673481
21,Twitter for iPhone,"""Energy underpins almost every aspect of our daily lives, providing light and heat for homes and schools, broadenin‚Ä¶ https://t.co/jkh6xQu7cJ",,False,Wed May 29 14:44:11 +0000 2019,15,1133745859051573248
35,Twitter Web Client,"We are committed to supporting research at our 80+ university partners, including the @AndlingerCenter at‚Ä¶ https://t.co/W1er7SLk3P",,False,Fri Jan 25 20:09:19 +0000 2019,5,1088891588082917377
196,Twitter Web Client,"The 50th anniversary celebration of our Corporate Strategic Research Lab continues with the Nebula catalyst, discov‚Ä¶ https://t.co/OdPNjWp70c",,False,Wed Sep 05 16:05:37 +0000 2018,43,1037371179714203648
61,Twitter Web App,With our partners at @clariant and @Genomatica we‚Äôre researching ways to give agricultural waste a second life by t‚Ä¶ https://t.co/jO4yML4OGn,,False,Mon Nov 04 17:00:23 +0000 2019,17,1191399804682801154
129,Twitter Web Client,"Challenge accepted, @BCG Rich Lesser. Here's how ExxonMobil is #EmbracingSustainability. Now I challenge Doug Peter‚Ä¶ https://t.co/vkrBbfYSlw",,False,Mon Oct 22 13:45:20 +0000 2018,48,1054368107882520576
376,Twitter Web App,"Welcome to the Liza Destiny, a vessel built on innovation set to transform Guyana into an energy powerhouse. https://t.co/eE7jq4ze1U",,False,Fri Sep 06 14:31:42 +0000 2019,122,1169981502312132608
79,Twitter Web Client,"Today, we announced the start of development drilling at our Liza Phase 1 development in offshore Guyana. 17 wells‚Ä¶ https://t.co/rGv0dZl2sR",,False,Tue Jun 12 13:08:27 +0000 2018,40,1006523624428376064
22,Twitter for iPhone,"""We work on breakthrough technologies to fill the void in today‚Äôs solution set ... such as next-generation biofuels‚Ä¶ https://t.co/31DLBZ5Ezo",,False,Wed May 29 14:45:14 +0000 2019,12,1133746124022603776
219,Twitter Web Client,Our new partnership with @Microsoft uses cloud technology that collects real-time data across hundreds of miles. Th‚Ä¶ https://t.co/TcVkZX0Yh9,,False,Fri Feb 22 17:00:21 +0000 2019,81,1098990892885643265
87,Twitter Web Client,"Find out what Jing Ning, XTO operations engineer, loves most about her job in the Permian Basin. https://t.co/gUVoUTnl6N",,False,Thu Jul 11 14:21:02 +0000 2019,19,1149322713712013312
141,Twitter Web Client,"XTO has close to 800 employees in the Permian Basin. See how Claire Lafferty, operations engineer, is passionate ab‚Ä¶ https://t.co/iRfLK9BP50",,False,Tue Jun 11 15:41:51 +0000 2019,28,1138471413998915591
123,Twitter Web Client,"This National Safety Month, take a look at why safety for our employees is our top priority. https://t.co/Z7nCO3YR7O",,False,Fri Jun 14 18:54:01 +0000 2019,35,1139606939594305538
96,Twitter Web App,"Our butyl rubber keeps tires inflated longer, so this video could go on forever. #SoothingScience https://t.co/lPrEcf7xcO",,False,Thu Jul 25 14:35:42 +0000 2019,15,1154399833224077313
170,Twitter Web App,We‚Äôre making our first entry into electric motorsports by providing high-performance lubricants and fluids for Pors‚Ä¶ https://t.co/AIJO4HHqjb,,False,Mon Sep 09 13:35:33 +0000 2019,41,1171054535512604672
264,Twitter Web Client,"How do algae grow differently from plants? They thrive in salty water, a condition ideal for turning algae into a l‚Ä¶ https://t.co/XWrAz4cohc",,False,Tue Nov 13 14:54:28 +0000 2018,69,1062358035853664257
143,Twitter Web Client,Carbon capture and storage (CCS) takes CO2 from the atmosphere and stores it underground. See how this technology i‚Ä¶ https://t.co/Hzr1qk3sHe,,False,Wed Mar 27 14:30:13 +0000 2019,66,1110911909073686528
121,Twitter Web Client,.@ImperialOil to apply new technologies to reduce greenhouse gas emissions intensity. https://t.co/D9uYGfhKDd https://t.co/AFtwW7gn7o,,False,Tue Aug 28 18:47:47 +0000 2018,32,1034512888566898689
187,Twitter Web Client,"Our fuel-saving technologies like synthetic lubricants, tire-liners and advanced plastics add up to huge savings at‚Ä¶ https://t.co/kJgvqxQ7yx",,False,Fri Aug 10 16:30:43 +0000 2018,45,1027955413541638144
61,Twitter Web Client,"Things get a little thicker during the winter, including your motor oil. Here‚Äôs how @Mobil1 Annual Protection‚Äôs syn‚Ä¶ https://t.co/IRa2bj0VGH",,False,Thu Jan 10 15:01:54 +0000 2019,23,1083378404324458496
491,Twitter Web App,The global population is projected to grow from 7.5 billion to 9.2 billion by 2040. How will this affect energy dem‚Ä¶ https://t.co/RtEY3NJUIO,,False,Wed Aug 28 12:44:51 +0000 2019,151,1166693125798150145
85,Twitter Web Client,"We‚Äôre at #Think2019 this week, where our own Devin Miller discussed our journey with @IBM to provide a better exper‚Ä¶ https://t.co/5PoFrovPJl",,False,Fri Feb 15 15:52:09 +0000 2019,10,1096437012280807430
40,Twitter Web Client,"ExxonMobil‚Äôs Shawn Emerson Simmons, PhD, joined our CEO Darren Woods to announce our sponsorship of the Smithsonian‚Ä¶ https://t.co/hq0CFFRuPS",,False,Thu Mar 14 17:24:55 +0000 2019,12,1106244829829349376
186,Twitter Web Client,"In our Corporate Strategic Research Lab‚Äôs 50-year history, a significant breakthrough is our advancement in the but‚Ä¶ https://t.co/j2WdPF8UGt",,False,Thu Sep 06 16:11:45 +0000 2018,46,1037735112295768065
171,Twitter Web Client,"This #LaborDay, we celebrate our dedicated employees across the globe. Thank you for your hard work and commitment. https://t.co/zoQvBU9SU1",,False,Mon Sep 03 17:09:10 +0000 2018,50,1036662396495036416
39,Twitter Web Client,A cold draft can put a damper on a night in. Here‚Äôs a tip on how to stay warm while saving energy. https://t.co/GX2KPcn71K,,False,Thu Mar 07 16:32:48 +0000 2019,9,1103695001362579458
44,Twitter Web Client,How are engineers like Jamie #breakingboundaries? By thinking big. #WE18 üë©‚Äçüî¨ https://t.co/tHQKxnA45l,,False,Thu Oct 18 23:26:39 +0000 2018,9,1053064848148439040
391,Twitter Web Client,Today we increased our estimate of the discovered recoverable resources for Stabroek Block offshore Guyana to more‚Ä¶ https://t.co/TCiZnQXw8W,,False,Mon Jul 23 12:02:39 +0000 2018,176,1021364969366056960
119,Twitter Web Client,"ExxonMobil Chairman &amp; CEO speaks at World Gas Conference 2018

https://t.co/WVOLNImAUW",,False,Tue Jun 26 19:46:59 +0000 2018,51,1011697349536645121
314,Twitter Web Client,"We‚Äôve partnered with @GlobalThermo, which is developing a way to catch carbon dioxide straight from the atmosphere‚Ä¶ https://t.co/elxkxlDPhr",,False,Thu Jun 27 13:13:00 +0000 2019,97,1144232159684780033
137,Twitter Web Client,"‚ö°Ô∏è ‚Äú2019 Annual Shareholder Meeting‚Äù

https://t.co/OCeQTga87l",,False,Wed May 29 15:49:12 +0000 2019,25,1133762221157355524
185,Twitter Web Client,"Together with @SABIC, we‚Äôre creating jobs and building a new facility as part of our Gulf Coast Growth Ventures Pro‚Ä¶ https://t.co/8Luro7jWbl",,False,Thu Jun 13 13:15:08 +0000 2019,43,1139159268375093248
50,Twitter Web App,Congrats to @NoLimitsNate_ on a job well done in the @ninjawarrior National Finals! üåü #AmericanNinjaWarrior‚Ä¶ https://t.co/qLH5wiBIsH,,False,Tue Sep 10 00:30:37 +0000 2019,11,1171219390907453445
52,Twitter for iPhone,Today our Chairman and CEO Darren Woods gives remarks at the 2019 ExxonMobil Annual Shareholder Meeting. Stay tuned‚Ä¶ https://t.co/dP5VOzCAAO,,False,Wed May 29 13:37:26 +0000 2019,17,1133729061908488193
45,Twitter Web Client,"During #AsianPacificAmericanHeritageMonth, we‚Äôre celebrating our Asian Connection for Excellence (ACE) group, which‚Ä¶ https://t.co/hIW1xWlRD0",,False,Fri May 31 14:28:43 +0000 2019,14,1134466744091889664
207,Twitter Web Client,Hitting the road this #LaborDayWeekend? Keep your windows closed when you‚Äôre driving 60 miles per hour or more. Ope‚Ä¶ https://t.co/CeoGetYdFy,,False,Fri Aug 31 15:21:33 +0000 2018,72,1035548151753703425
94,Twitter Web App,"With advanced products and technology, we‚Äôre helping drivers reach their destinations more sustainably. https://t.co/C4zpWDNps0",,False,Tue Sep 24 16:10:29 +0000 2019,31,1176529345063636993
44,Twitter Web Client,Explore the biofuel potential of algae with one of our algae specialists and a promising young scientist. Watch mor‚Ä¶ https://t.co/Kce44puCVk,,False,Thu Dec 06 15:44:15 +0000 2018,21,1070705486658527234
24,Twitter for iPhone,Find out more about groundbreaking research on genetic tools from our partner @SynGenomeInc here: https://t.co/AACWhP4w0d,,False,Tue Jul 10 00:47:55 +0000 2018,6,1016484123773362177
151,Twitter Web Client,"#Poll It‚Äôs summer, and you‚Äôre sweating. What‚Äôs a cool way to, well, stay cool this summer without maxing out your energy bill?",,False,Wed Jul 25 14:58:30 +0000 2018,18,1022133998267584513
43,Twitter Web Client,"From the desert to the strip, see how we‚Äôre working with a Las Vegas cab company to put our motor oils to the test. https://t.co/uNqgIUqlml",,False,Mon Feb 11 15:45:31 +0000 2019,8,1094985793712590850
117,Twitter Web Client,"From the Wright brothers‚Äô use of Mobil oil lubricants, to its prevalence around the world today ‚Äì our aviation fuel‚Ä¶ https://t.co/DM2NmfUc4L",,False,Fri Nov 16 17:53:50 +0000 2018,20,1063490338873069570
39,Twitter Web Client,Tune in @XOM_NatGas at 4:30 P.M. EST when we‚Äôll be live with leading women in the gas industry @WGC2018 discussing‚Ä¶ https://t.co/TjhACUQptK,,False,Thu Jun 28 17:50:21 +0000 2018,13,1012392775411752960
302,Twitter Web Client,"We‚Äôre making a $2 billion investment to expand our Baytown chemical complex, creating 2,000 jobs. Learn more about‚Ä¶ https://t.co/SnQPrMZ8Ty",,False,Thu May 02 18:17:04 +0000 2019,75,1124014959808122880
24,Twitter Web Client,The answer: unplug cooling units and other major appliances that can be an energy suck while you‚Äôre away. Turn them‚Ä¶ https://t.co/UqTtkEF1ui,exxonmobil,False,Fri Sep 14 21:37:13 +0000 2018,6,1040716120829898753
206,Twitter Web Client,"How big is our Singapore expansion project? 800-ton reactor big. We moved the equipment 5,500km across Asia to help‚Ä¶ https://t.co/GBUb7HQGoc",,False,Tue Oct 09 15:07:17 +0000 2018,50,1049677685830676482
148,Twitter Web Client,"As the F1 season kicks off, we‚Äôre giving you an inside look at the trackside lab of ExxonMobil technical advisors,‚Ä¶ https://t.co/4b5DxHb1Kb",,False,Fri Mar 22 13:55:39 +0000 2019,39,1109091269442260992
55,Twitter Web Client,"Take a look inside Hebron, an engineering wonder helping to responsibly meet the world‚Äôs rising energy demand. https://t.co/5notzHAw0p",,False,Fri Dec 21 16:32:59 +0000 2018,31,1076153567994658816
19,Twitter for iPhone,"‚ÄúExxonMobil employees are a global community, responsibly developing the energy and products that improve people‚Äôs‚Ä¶ https://t.co/cLDRRmqIiF",,False,Wed May 29 14:40:14 +0000 2019,9,1133744864393347073
28,Twitter Web Client,".@24hoursoflemans is the ultimate test of skill, character and @Mobil1 fluids. üèÅ Congrats to the @Toyota_Hybrid tea‚Ä¶ https://t.co/faqSlqN31L",,False,Mon Jun 18 17:32:34 +0000 2018,12,1008764420309291012
90,Twitter Web Client,Energy jobs are in demand in Baton Rouge. See how our partnership with the @MyBRCC North Baton Rouge Industrial Tra‚Ä¶ https://t.co/DfQT8cVdM9,,False,Wed Jan 09 15:24:50 +0000 2019,20,1083021788790079488
48,Twitter Web Client,Our investment in Gulf Coast manufacturing projects are expected to help create more than 45K jobs.‚Ä¶ https://t.co/1fTWydiInL,,False,Tue Sep 25 15:32:08 +0000 2018,19,1044610511776681984
97,Twitter Web Client,See why we‚Äôre investing over $1 billion to expand our facilities in Rotterdam. https://t.co/6iW1gwS0ai,,False,Mon Jun 11 17:45:02 +0000 2018,30,1006230842518200321
456,Twitter Web Client,"Wrapping up @CERAWeek, our own Vijay Swarup will talk about the impactful role technology plays in addressing the d‚Ä¶ https://t.co/bYJhc1ddD2",,False,Fri Mar 15 14:41:26 +0000 2019,36,1106566077448970240
38,Twitter Web Client,We rely on engineers like Moriah to solve complex problems and improve lives everywhere. #WE18 üë©‚Äçüî¨ https://t.co/BaqGZXK5r3,,False,Fri Oct 19 20:04:32 +0000 2018,7,1053376370796122112
424,Twitter Web App,Congrats to M. Stanley Whittingham and his colleagues on winning the @NobelPrize in chemistry for their pioneering‚Ä¶ https://t.co/LOpaMVGYqI,,False,Wed Oct 09 18:36:09 +0000 2019,102,1182001822220931073
116,Twitter Web Client,"It‚Äôs #NationalMentoringMonth and we‚Äôre spotlighting Larry Galloway, a retired employee who helps young people get j‚Ä¶ https://t.co/hYVyDg7Rx1",,False,Wed Jan 23 15:55:36 +0000 2019,25,1088102961908195328
894,Twitter Web Client,XTO President Staale Gjervik spoke @CERAweek about our long-standing commitment to minimizing environmental impact‚Ä¶ https://t.co/kstJWkQria,,False,Wed Mar 13 22:04:36 +0000 2019,102,1105952827032121346
27,Twitter for iPhone,Congratulations to the 11 grant winners! https://t.co/EM5529b8SQ,,False,Wed Mar 20 21:42:27 +0000 2019,10,1108483970189148163
10,Twitter Web Client,#Poll It‚Äôs laundry day and you want to save energy. What‚Äôs an easy way to cut a washer‚Äôs energy use in half?,,False,Mon Jul 09 14:30:08 +0000 2018,7,1016328656866693122
44,Twitter Web Client,Next pit stop on the Mobil 1‚Ñ¢ Annual Protection 20K Road Trip? LA. Follow along to watch our drivers push @Mobil1 t‚Ä¶ https://t.co/9Qarh2VeQH,,False,Mon Jul 16 16:00:31 +0000 2018,13,1018888117531676672
113,Twitter Web Client,"Another highlight from 50 years at our Corporate Strategic Research Lab? They‚Äôre small &amp; granular, and in some case‚Ä¶ https://t.co/iGdyimq8Ar",,False,Tue Sep 04 20:26:03 +0000 2018,20,1037074334534250497
448,Twitter Web Client,"From getting dunked in water to finding a speedy escape, workers undergo rigorous training before even stepping foo‚Ä¶ https://t.co/TDkwF2GSuc",,False,Wed Jul 03 13:54:08 +0000 2019,99,1146416840849219584
99,Twitter Web Client,"From helping drivers get the most out of their vehicles to transforming energy challenged regions of the world, our‚Ä¶ https://t.co/5kKYsr8wr8",,False,Thu Feb 21 15:54:28 +0000 2019,21,1098611921920626688
206,Twitter Web Client,"Over the next 20 years, the number of electric cars will skyrocket. Find out how we're preparing for cars that don'‚Ä¶ https://t.co/sXxul1arBh",,False,Tue Oct 30 13:45:07 +0000 2018,74,1057267155421593600
27,Twitter Web Client,Any potential regulatory adjustments won‚Äôt alter our stated commitment to reduce #methane emissions in our operatio‚Ä¶ https://t.co/kHednjQ4FQ,,False,Thu Sep 13 15:41:34 +0000 2018,11,1040264230404902914
93,Twitter Web Client,‚ÄúOur continued focus on long-term fundamentals and portfolio improvements position us well to grow shareholder valu‚Ä¶ https://t.co/wQFgxXK6MN,,False,Fri Feb 01 15:47:49 +0000 2019,21,1091362491706286082
171,Twitter Web Client,#DYK most of your washing machine‚Äôs energy is used to heat the water? Detergents work just as well in colder temper‚Ä¶ https://t.co/U9bo2958mm,,False,Wed Oct 10 16:33:05 +0000 2018,52,1050061667273465858
229,Twitter Web Client,"We‚Äôre dedicated to teaching women and girls. With @DiscoverEorg, @ExxonMobil hosts annual Introduce a Girl to Engin‚Ä¶ https://t.co/bnA9O73E8c",,False,Thu Oct 11 15:59:33 +0000 2018,39,1050415616937607168
17,Twitter for iPhone,"‚ÄúLast year, we set goals to reduce methane emissions by 15 percent and flaring by 25 percent.  We‚Äôre on track to me‚Ä¶ https://t.co/KzmcdVBItR",,False,Wed May 29 14:44:24 +0000 2019,8,1133745915246850053
75,Twitter Web App,"If you‚Äôre looking to keep the energy bill down this summer, consider skipping the dryer and hanging your laundry on‚Ä¶ https://t.co/XlYRG8R4fb",,False,Wed Sep 04 15:36:19 +0000 2019,13,1169272988593729537
36,Twitter Web Client,"In honor of #VeteransDay, meet a few veteran employees who discuss how their experience in the military has helped‚Ä¶ https://t.co/sWXeEXEc9Z",,False,Mon Nov 12 15:15:07 +0000 2018,11,1062000847540928512
61,Twitter Web Client,We‚Äôre at #AspenIdeas talking about scaling up lower-emission energy solutions at the panel ‚ÄòTechnologies Needed to‚Ä¶ https://t.co/iiMLSwgqaa,,False,Fri Jun 28 15:45:06 +0000 2019,25,1144632824559034368
80,Twitter Web Client,"If you‚Äôre on candy duty tonight, turn your house lights off to avoid wasting energy. Instead, use decorative LEDs t‚Ä¶ https://t.co/gJRWqHta1Q",,False,Wed Oct 31 19:34:53 +0000 2018,11,1057717566607646724
25,Twitter Web Client,Read our full statement regarding the New York Attorney General civil complaint. https://t.co/ME7VTW3xbC https://t.co/f1bPZ9Ang0,,False,Wed Oct 24 20:29:44 +0000 2018,21,1055194655007145984
103,Twitter Web Client,"Meet connected worker architect Eric Johnston, who uses #AR and wearable tech to help workers stay safe and collabo‚Ä¶ https://t.co/zLoR7Yiy7v",,False,Tue Apr 02 15:56:53 +0000 2019,25,1113108047809953792
179,Twitter Web App,"We‚Äôre thankful for the contributions of our veterans. Today we spotlight our¬†Veteran¬†Advocacy and Support Team, an‚Ä¶ https://t.co/2Qp8HEmooJ",,False,Mon Nov 11 18:21:24 +0000 2019,27,1193956911131037696
227,Twitter Web Client,"From aviation fuels and lubes to hydraulic fluids, our products and technology have played an integral role in help‚Ä¶ https://t.co/9naeTgksOe",,False,Sun Aug 19 17:33:38 +0000 2018,41,1031232737183768577
73,Twitter Web Client,"To gear up for #WE18, we‚Äôre highlighting boundary-breaking engineers like Brighid. She‚Äôs an Americas products techn‚Ä¶ https://t.co/BMJGNPmZfF",,False,Wed Oct 17 15:36:46 +0000 2018,11,1052584209720717313
147,Twitter Web Client,We‚Äôre testing new ways to grow algae together with @SynGenomeInc. The photosynthetic efficiency assay attempts to m‚Ä¶ https://t.co/ChFK2wnv3D,,False,Tue Nov 20 16:18:53 +0000 2018,37,1064915995473657856
433,Twitter Web Client,"Contributing $43 billion to the GDP in 2017, our operations directly benefit the U.S. economy. https://t.co/gEOq3dvciN",,False,Fri May 03 16:35:16 +0000 2019,64,1124351729791905792
13,Twitter Web Client,CEO Darren Woods participated in the @business #NewEconForum Energy Challenges in the New Economies panel in Singap‚Ä¶ https://t.co/qs7cam5x0J,,False,Wed Nov 07 16:15:39 +0000 2018,4,1060204139475619840
63,Twitter Web Client,"Whether you‚Äôre racing for a few hours or a few weeks, durable bike tires, seats, grips, performance clothing and sh‚Ä¶ https://t.co/BdMTOkebKq",,False,Sat Jul 07 11:59:26 +0000 2018,19,1015565952921063430
56,Twitter Web Client,Our VP of R&amp;D Vijay Swarup spoke with @AmyAHarder @axios #AspenIdeas this morning about the role carbon capture and‚Ä¶ https://t.co/MLursRlzM7,,False,Fri Jun 28 20:59:56 +0000 2019,16,1144712054076563462
83,Twitter Web Client,"#WE18 is in full swing as we continue to honor #boundarybreaking engineers at ExxonMobil. Today, we spotlight Chimm‚Ä¶ https://t.co/z6iONmnk79",,False,Fri Oct 19 14:40:21 +0000 2018,21,1053294788924059648
35,Twitter for iPhone,"‚ÄúWe are well on our way to meeting the goals we laid out last year, doubling 2017 earnings potential by 2025, and g‚Ä¶ https://t.co/mq0iT9ryTc",,False,Wed May 29 14:57:16 +0000 2019,15,1133749151014031361
71,Twitter Web Client,"Today, we announced our commitment of $10 million to the new Singapore Energy Center Partnership. The partnership w‚Ä¶ https://t.co/GSeIYS7cdq",,False,Wed Oct 31 12:34:36 +0000 2018,9,1057611794976567301
213,Twitter Web Client,Learn how to increase your car‚Äôs fuel efficiency by making just one small change. #SmallChangesBigEfficiency https://t.co/4Ug7Q0EWnX,,False,Mon Sep 10 19:06:53 +0000 2018,69,1039228737865371653
263,Twitter Web Client,Today we announced our estimated third quarter 2018 earnings of $6.2 billion. https://t.co/P8DRD5axuz https://t.co/TklD8bBhmz,,False,Fri Nov 02 14:05:54 +0000 2018,69,1058359549189603329
326,Twitter Web App,"In honor of #WE19 we‚Äôre celebrating all our brilliant female engineers who break new ground all day, every day.‚Ä¶ https://t.co/kN03IBtgbM",,False,Thu Nov 07 16:00:30 +0000 2019,52,1192471898266976256
291,Twitter Web App,"From uncovering new ways to protect the environment, to helping local businesses get involved, see how our operatio‚Ä¶ https://t.co/JRSxH9ATEu",,False,Mon Sep 30 17:12:51 +0000 2019,42,1178719366487166976
95,Twitter Web Client,"At the @MyBRCC North Baton Rouge Industrial Training Initiative, students develop skills like welding and pipefitti‚Ä¶ https://t.co/97YTfheccH",,False,Tue Jan 22 15:34:34 +0000 2019,18,1087735279782322176
72,Twitter Web Client,"This year‚Äôs #WE18 may be coming to an end, but we‚Äôre still supporting our brilliant and #boundarybreaking engineers‚Ä¶ https://t.co/rpr8iv24IT",,False,Sat Oct 20 15:31:12 +0000 2018,9,1053669974760398849
384,Twitter Web Client,"Today, we celebrate the return of @NASA astronaut and former ExxonMobil employee @Astro_Feustel from @Space_Station‚Ä¶ https://t.co/Jpf4TUOQEf",,False,Thu Oct 04 16:36:07 +0000 2018,60,1047888102499471360
199,Twitter Web Client,"As a part of our Growing the Gulf Initiative, today we announced construction on a new unit in our Beaumont, Texas‚Ä¶ https://t.co/uDC7FyEJIn",,False,Tue Jan 29 18:12:29 +0000 2019,51,1090311737876860928
87,Twitter Web Client,Watch Vijay Swarup join @IBM chairman @GinniRometty on the #CES2019 panel to discuss the roles of tech &amp; computing‚Ä¶ https://t.co/TuytVmK1cH,,False,Tue Jan 08 20:40:41 +0000 2019,17,1082738886042939392
70,Twitter Web Client,Learn how we are producing the energy and products the world needs in a responsible manner. https://t.co/WwBp0dZen8 https://t.co/xukv78DivN,,False,Thu Oct 25 15:07:05 +0000 2018,18,1055475842057428992
208,Twitter Web Client,How much is ExxonMobil investing in the U.S. economy? $50B. https://t.co/pqAHXULVdb,,False,Tue Oct 16 16:18:18 +0000 2018,60,1052232275579072512
114,Twitter Ads,Learn how we deliver energy that fuels the world. #EnergyAwarenessMonth https://t.co/jzqQTQ5RT9,,False,Mon Oct 01 20:43:46 +0000 2018,36,1046863265366773761
75,Twitter Web Client,"For our next winter efficiency tip, we show why you should skip the warmup and just drive. https://t.co/TSeZ7IbQNR",,False,Thu Feb 28 16:28:21 +0000 2019,17,1101157167204306949
1270,Twitter Web Client,"From petri dish to pond to potential biofuel, watch how we are continuing our algae research in Calipatria, CA, wit‚Ä¶ https://t.co/vLN2YbFGJr",,False,Thu Apr 18 14:32:40 +0000 2019,134,1118885060093140993
551,Twitter Web Client,"By 2025, thanks in part to newly discovered pockets of natural gas, new chemical projects across the U.S. are estim‚Ä¶ https://t.co/SBIvgohZef",,False,Thu Sep 13 17:19:48 +0000 2018,155,1040288950601048066
86,Twitter Web App,What helps one car win the race? Find out through the eyes of a 9-year-old who‚Äôs eager to learn how oil helps cars‚Ä¶ https://t.co/EHXPNiynj3,,False,Wed Aug 14 14:55:10 +0000 2019,20,1161652489667698689
124,Twitter Web Client,"To help fuel another phase of #biofuel research, @Clariant is partnering with @ExxonMobil and @REGbiofuels. They're‚Ä¶ https://t.co/Q9nrCdgHrh",,False,Wed Jan 23 06:04:19 +0000 2019,59,1087954159792504834
261,Twitter Web Client,Meet just a few of the women around the world who inspire us. #InternationalWomensDay https://t.co/b22ymzvnNj,,False,Fri Mar 08 16:26:22 +0000 2019,82,1104055769111117824
625,Twitter Web Client,Ever wonder what life is like on one of the world‚Äôs largest offshore platforms? https://t.co/nNr4Bn87vL,,False,Tue Apr 09 15:15:06 +0000 2019,218,1115634245748297728
96,Twitter Web Client,Today we announced estimated second quarter 2018 earnings of $4 billion. https://t.co/r4ySfzsAWf https://t.co/l9gfavUd3u,,False,Fri Jul 27 14:53:04 +0000 2018,39,1022857406265606144
33,Twitter Web Client,Meet the Izod Pendulum Impact Tester ‚Äì a swinging pendulum that tests a piece of plastic‚Äôs resistance to impact str‚Ä¶ https://t.co/BEB8MsjMKQ,,False,Tue Jun 26 14:51:10 +0000 2018,11,1011622907213176832
577,Twitter Web App,"From hours in a lab to petri dishes, find out what it takes to research the world‚Äôs next big energy source. https://t.co/6dBH4FdatK",,False,Tue Aug 20 15:40:56 +0000 2019,68,1163838333073670145
75,Twitter Web Client,"Through our employee PRIDE network, ExxonMobil is energizing LGBTQ celebrations around the world. Check out a few o‚Ä¶ https://t.co/0SykGBV1WS",,False,Mon Jun 24 20:40:52 +0000 2019,15,1143257708084301824
32,Twitter Web Client,Winter tip #1: Lowering your blinds can also lead to a lower heating bill. https://t.co/maGiGlZFxK,,False,Thu Feb 14 15:06:39 +0000 2019,7,1096063176871948288
60,Twitter Web Client,Always driving with a lot of stuff in your trunk? You may want to rethink that habit. #SmallChangesBigEfficiency https://t.co/j5yHR98lb2,,False,Mon Sep 24 17:40:49 +0000 2018,19,1044280507364708352
345,Twitter Web App,Our high-performance lubes are helping to power the future of energy in Asia. #SoothingScience https://t.co/q3Tn7IXmRl,,False,Wed Sep 18 15:23:36 +0000 2019,47,1174343217912930305
55,Twitter Web App,What can cookies &amp; milk teach us about the future of energy? Plenty. Watch the video to find out more. https://t.co/XA5gkoeWYb,,False,Fri Nov 22 17:18:12 +0000 2019,10,1197927271891382278
119,Twitter Web App,"Double, double toil and troubleshoot as we work to develop algae biofuel to scale. We‚Äôre celebrating‚Ä¶ https://t.co/uunjikl1PN",,False,Fri Oct 25 15:38:17 +0000 2019,29,1187755265401204737
378,Twitter Web Client,Did you know we can reduce emissions at industrial sites by up to 90% with a process called carbon capture and stor‚Ä¶ https://t.co/sZXB8tgtHc,,False,Mon May 20 14:25:50 +0000 2019,134,1130479749350985729
112,Twitter Web Client,"ExxonMobil Synergy delivered? It's possible with @startyoshi, an app-based mobile fuel and car service provider now‚Ä¶ https://t.co/89xAjpg1f7",,False,Tue Aug 14 16:11:10 +0000 2018,29,1029400043869163520
2,Twitter Web App,@MSNBC @allinwithchris @msnbc Reports that claim we reached definitive conclusions about climate change decades bef‚Ä¶ https://t.co/ZBwLwktd7P,MSNBC,False,Fri Sep 20 22:35:39 +0000 2019,0,1175176723513692163
642,Twitter Web App,It‚Äôs demo time at the School of ExxonMobil. We learned all about helium‚Äôs many uses and tested its lifting power wi‚Ä¶ https://t.co/ruvtzvp1MN,,False,Fri Oct 11 15:00:54 +0000 2019,36,1182672429166010368
200,Twitter Web Client,See why protecting Guyana‚Äôs ecosystem is so important for responsible development in the country. https://t.co/Rv3DaXgYwO,,False,Wed Jun 19 16:17:23 +0000 2019,39,1141379459171442688
406,Twitter Web Client,"Today we announced our plans to join the Oil and Gas Climate Initiative, a voluntary initiative representing 13 of‚Ä¶ https://t.co/gnxnexuAO9",,False,Thu Sep 20 14:07:06 +0000 2018,121,1042777173139116033
271,Twitter Web Client,CEO Darren Woods speaks at the #NewEconForum in Singapore about the ‚Äúdual challenge‚Äù of meeting the world‚Äôs growing‚Ä¶ https://t.co/SgSd3fBj8n,,False,Wed Nov 07 19:22:58 +0000 2018,32,1060251280097140736
130,Twitter Web Client,"In the past 40 years, we‚Äôve become an industry leader in carbon capture. See why this technology is so important to‚Ä¶ https://t.co/ozq8wpYJ39",,False,Mon Mar 25 16:23:13 +0000 2019,39,1110215570383949824
90,Twitter Web Client,Have an unbridled passion for chemistry? Join fellow chemists in our world-class facilities to advance industry-lea‚Ä¶ https://t.co/GJLlIXUWe2,,False,Mon Oct 22 15:46:18 +0000 2018,14,1054398547192434688
